--Insert into Speisenart
INSERT INTO Speisenart (ID, Bezeichnung, Bildpfad) values (1, 'Fast Food', 'bilder/burger.png');
Insert into Speisenart (ID, Bezeichnung, Bildpfad) values (2, 'Kalorienarme Gerichte', 'bilder/gesund-icon.png');
Insert into Speisenart (ID, Bezeichnung, Bildpfad) values (3, 'Fitness Gerichte', 'bilder/fitness-icon.png');
Insert into Speisenart (ID, Bezeichnung, Bildpfad) values (4, 'Einfache Gerichte','bilder/einfachegerichte-icon.png');
Insert into Speisenart (ID, Bezeichnung, Bildpfad) values (5, 'Desserts', 'bilder/Dessert-Icon.png');
Insert into Speisenart (ID, Bezeichnung, Bildpfad) values (6, 'Proteinhaltige Gerichte', 'bilder/protein-icon.png');
Insert into Speisenart (ID, Bezeichnung, Bildpfad) values (7, 'Vegane Gerichte', 'bilder/vegan-icon.png');
Insert into Speisenart (ID, Bezeichnung, Bildpfad) values (8, 'Vegetarische Gerichte', 'bilder/vegetarisch-icon.png');

--Insert into Zutat
INSERT INTO Zutat (ID, Bezeichnung) values (1,'Mehl');
INSERT INTO Zutat (ID,Bezeichnung) values (2,'Zucker');
INSERT INTO Zutat (ID,Bezeichnung) values (3,'Ei');
INSERT INTO Zutat (ID,Bezeichnung) values (4,'Kartoffel');
INSERT INTO Zutat (ID,Bezeichnung) values (5,'Spaghetti');
INSERT INTO Zutat (ID,Bezeichnung) values (6,'Oliven-Öl');
INSERT INTO Zutat (ID,Bezeichnung) values (7,'Paprika');
INSERT INTO Zutat (ID,Bezeichnung) values (8,'Schweine-Schnitzel');
INSERT INTO Zutat (ID,Bezeichnung) values (9,'Haferflocken');
INSERT INTO Zutat (ID,Bezeichnung) values (10,'Kakao Pulver');
INSERT INTO Zutat (ID,Bezeichnung) values (11,'Milch');
INSERT INTO Zutat (ID,Bezeichnung) values (12,'Wasser');
INSERT INTO Zutat (ID,Bezeichnung) values (13,'Tomaten');
INSERT INTO Zutat (ID,Bezeichnung) values (14,'Vollmilch Schokolade');
INSERT INTO Zutat (ID,Bezeichnung) values (15,'Pfeffer');
INSERT INTO Zutat (ID,Bezeichnung) values (16,'Salz');
INSERT INTO Zutat (ID,Bezeichnung) values (17,'Apfel');
INSERT INTO Zutat (ID,Bezeichnung) values (18,'Süßkartoffel');
INSERT INTO Zutat (ID,Bezeichnung) values (19,'Zwiebel');
INSERT INTO Zutat (ID,Bezeichnung) values (20,'Pepperoni');
INSERT INTO Zutat (ID,Bezeichnung) values (21,'Hackfleisch');
INSERT INTO Zutat (ID,Bezeichnung) values (22,'Semmelbrösel');
INSERT INTO Zutat (ID,Bezeichnung) values (23,'Petersilie');
INSERT INTO Zutat (ID,Bezeichnung) values (24,'Rucola');
INSERT INTO Zutat (ID,Bezeichnung) values (25,'Hamburgerbrötchen mit Sesam');
INSERT INTO Zutat (ID,Bezeichnung) values (26, 'Weißer Spargel');
INSERT INTO Zutat (ID,Bezeichnung) values (27, 'Schalotten');
INSERT INTO Zutat (ID,Bezeichnung) values (28, 'Olivenöl');
INSERT INTO Zutat (ID,Bezeichnung) values (29, 'Butter');
INSERT INTO Zutat (ID,Bezeichnung) values (30,'Weißwein');
INSERT INTO Zutat (ID,Bezeichnung) values (31, 'Sahne');
INSERT INTO Zutat (ID,Bezeichnung) values (32, 'Zitronensaft');
INSERT INTO Zutat (ID,Bezeichnung) values (33, 'Schnittlauch');
INSERT INTO Zutat (ID,Bezeichnung) values (34, 'Knuspermüsli');
INSERT INTO Zutat (ID,Bezeichnung) values (35, 'Orangen');
INSERT INTO Zutat (ID,Bezeichnung) values (36, 'Bananen');
INSERT INTO Zutat (ID,Bezeichnung) values (37, 'Joghurt');
INSERT INTO Zutat (ID,Bezeichnung) values (38, 'Anis');
INSERT INTO Zutat (ID,Bezeichnung) values (39, 'Kardamon');
INSERT INTO Zutat (ID,Bezeichnung) values (40, 'Orangenschalen');
INSERT INTO Zutat (ID,Bezeichnung) values (41, 'Honig');
INSERT INTO Zutat (ID,Bezeichnung) values (42, 'Eiweißpulver');
INSERT INTO Zutat (ID,Bezeichnung) values (43, 'Seidentofu');
INSERT INTO Zutat (ID,Bezeichnung) values (44, 'Zitronenschale');
INSERT INTO Zutat (ID,Bezeichnung) values (45, 'Agavendicksaft');
INSERT INTO Zutat (ID,Bezeichnung) values (46, 'Kokossahne');



--insert into Gericht (Bildpfade müssen noch angepasst werden)
INSERT INTO Gericht (ID, Bezeichnung, Bildpfad, Dauer) values (1, 'Barbeque Burger','C:\Users\StudentenLaptop_04\Desktop\Studium\sem4\WebAnw2\Projekt\Web-Anwendung-2---Praktikum-\bilder\Barbecue-Burger-barbecueburger.png', 25 );
INSERT INTO Gericht (ID, Bezeichnung, Bildpfad, Dauer) values (2, 'Fußball Pizza','C:\Users\StudentenLaptop_04\Desktop\Studium\sem4\WebAnw2\Projekt\Web-Anwendung-2---Praktikum-\bilder\Fussball-Pizza-4c0e67964a27f.png', 25 );
INSERT INTO Gericht (ID, Bezeichnung, Bildpfad, Dauer) values (3, 'Pizza Lollies','C:\Users\StudentenLaptop_04\Desktop\Studium\sem4\WebAnw2\Projekt\Web-Anwendung-2---Praktikum-\bilder\pizza-lollies.jpg', 30 );
INSERT INTO Gericht (ID, Bezeichnung, Bildpfad, Dauer) values (4, 'Pikachu Burger','C:\Users\StudentenLaptop_04\Desktop\Studium\sem4\WebAnw2\Projekt\Web-Anwendung-2---Praktikum-\bilder\pokemon-burger-pikachu.png', 25 );
INSERT INTO Gericht (ID, Bezeichnung, Bildpfad, Dauer) values (5, 'Avocado Burger','C:\Users\StudentenLaptop_04\Desktop\Studium\sem4\WebAnw2\Projekt\Web-Anwendung-2---Praktikum-\bilder\stockfood-12424768.png', 20 );
INSERT INTO Gericht (ID, Bezeichnung, Bildpfad, Dauer) values (6, 'Pizza Muscheln','C:\Users\StudentenLaptop_04\Desktop\Studium\sem4\WebAnw2\Projekt\Web-Anwendung-2---Praktikum-\bilder\Pizza-Muscheln-50efddaedf9c0.png', 25 );
INSERT INTO Gericht (ID, Bezeichnung, Bildpfad, Dauer) values (7, 'Tafelspitzburger','C:\Users\StudentenLaptop_04\Desktop\Studium\sem4\WebAnw2\Projekt\Web-Anwendung-2---Praktikum-\bilder\stockfood-12293251.jpg', 25 );
INSERT INTO Gericht (ID, Bezeichnung, Bildpfad, Dauer) values (8, 'Curry Wurst','C:\Users\StudentenLaptop_04\Desktop\Studium\sem4\WebAnw2\Projekt\Web-Anwendung-2---Praktikum-\bilder\Currywurst-mit-Pommes-Frites-50d790da142a2.jpg', 20 );
INSERT INTO GERICHT (ID, Bezeichnung, Bildpfad, Dauer) values (9, 'Spargelcremesuppe', 'C:\Users\StudentenLaptop_04\Desktop\Studium\sem4\WebAnw2\Projekt\Web-Anwendung-2---Praktikum-\bilder\spargelcremesuppe_einfach_1.webp', 15);
INSERT INTO GERICHT (ID, Bezeichnung, Bildpfad, Dauer) values (10, 'Fitness-Müsli', 'C:\Users\StudentenLaptop_04\Desktop\Studium\sem4\WebAnw2\Projekt\Web-Anwendung-2---Praktikum-\bilder\Fitness-Muesli-4bb0c8ea61517.jpg', 5);
INSERT INTO GERICHT (ID, Bezeichnung, Bildpfad, Dauer) values (11, 'Veganes Zitronendessert', 'C:\Users\StudentenLaptop_04\Desktop\Studium\sem4\WebAnw2\Projekt\Web-Anwendung-2---Praktikum-\bilder\veganes-zitronen-dessert.jpg', 5);


--insert into Einheit (evtl noch Abkürzung Spalte der Einheit hinzufügen)
Insert into Einheit (ID, Bezeichnung) values (1,'Milligramm');
Insert into Einheit (ID,Bezeichnung) values (2,'Gramm');
Insert into Einheit (ID,Bezeichnung) values (3,'Messerspitze');
Insert into Einheit (ID,Bezeichnung) values (4,'Milliliter');
Insert into Einheit (ID,Bezeichnung) values (5,'Centiliter');
Insert into Einheit (ID,Bezeichnung) values (6,'Deziliter');
Insert into Einheit (ID,Bezeichnung) values (7,'Liter');
Insert into Einheit (ID,Bezeichnung) values (8,'Tasse');
Insert into Einheit (ID,Bezeichnung) values (9,'Schuss');
Insert into Einheit (ID,Bezeichnung) values (10,'Brise');
Insert into Einheit (ID,Bezeichnung) values (11,'Teelöffel');
Insert into Einheit (ID,Bezeichnung) values (12,'Packung');
Insert into Einheit (ID,Bezeichnung) values (13,'Spritzer');
Insert into Einheit (ID,Bezeichnung) values (14,'Esslöffel');
Insert into Einheit (ID,Bezeichnung) values (15,'Stück');



--insert into GerichtZutaten 

--Barbeque Burger
INSERT INTO GerichtZutaten (GerichtID, ZutatID, Wert, EinheitID) values (1, 19, 30, 2);
INSERT INTO GerichtZutaten (GerichtID, ZutatID, Wert, EinheitID) values (1, 7, 50, 2);
INSERT INTO GerichtZutaten (GerichtID, ZutatID, Wert, EinheitID) values (1, 20, 2, 2);
INSERT INTO GerichtZutaten (GerichtID, ZutatID, Wert, EinheitID) values (1, 21, 150, 2);
INSERT INTO GerichtZutaten (GerichtID, ZutatID, Wert, EinheitID) values (1, 22, 1, 14);
INSERT INTO GerichtZutaten (GerichtID, ZutatID, Wert, EinheitID) values (1, 3, 1, 15);
INSERT INTO GerichtZutaten (GerichtID, ZutatID, Wert, EinheitID) values (1, 15, 1, 10);
INSERT INTO GerichtZutaten (GerichtID, ZutatID, Wert, EinheitID) values (1, 16, 1, 10);
INSERT INTO GerichtZutaten (GerichtID, ZutatID, Wert, EinheitID) values (1, 23, 1, 14);
INSERT INTO GerichtZutaten (GerichtID, ZutatID, Wert, EinheitID) values (1, 24, 40, 2);
INSERT INTO GerichtZutaten (GerichtID, ZutatID, Wert, EinheitID) values (1, 13, 75, 2);
INSERT INTO GerichtZutaten (GerichtID, ZutatID, Wert, EinheitID) values (1, 25, 2, 15);

--Spargelcremesuppe
INSERT INTO GerichtZutaten (GerichtID, ZutatID, Wert, EinheitID) values (9, 26, 400, 2);
INSERT INTO GerichtZutaten (GerichtID, ZutatID, Wert, EinheitID) values (9, 16, 1, 10);
INSERT INTO GerichtZutaten (GerichtID, ZutatID, Wert, EinheitID) values (9, 2, 1, 10);
INSERT INTO GerichtZutaten (GerichtID, ZutatID, Wert, EinheitID) values (9, 28, 2, 14);
INSERT INTO GerichtZutaten (GerichtID, ZutatID, Wert, EinheitID) values (9, 29, 1, 14);
INSERT INTO GerichtZutaten (GerichtID, ZutatID, Wert, EinheitID) values (9, 1, 1, 11);
INSERT INTO GerichtZutaten (GerichtID, ZutatID, Wert, EinheitID) values (9, 30, 100, 4);
INSERT INTO GerichtZutaten (GerichtID, ZutatID, Wert, EinheitID) values (9, 31, 200, 2);
INSERT INTO GerichtZutaten (GerichtID, ZutatID, Wert, EinheitID) values (9, 32, 1, 13);

--Fitness-Müsli
INSERT INTO GerichtZutaten (GerichtID, ZutatID, Wert, EinheitID) values (10, 9, 2, 14 );
INSERT INTO GerichtZutaten (GerichtID, ZutatID, Wert, EinheitID) values (10, 34, 200, 2);
INSERT INTO GerichtZutaten (GerichtID, ZutatID, Wert, EinheitID) values (10, 35, 2, 15);
INSERT INTO GerichtZutaten (GerichtID, ZutatID, Wert, EinheitID) values (10, 36, 2, 15);
INSERT INTO GerichtZutaten (GerichtID, ZutatID, Wert, EinheitID) values (10, 37, 32, 11);
INSERT INTO GerichtZutaten (GerichtID, ZutatID, Wert, EinheitID) values (10, 38, 1, 3);
INSERT INTO GerichtZutaten (GerichtID, ZutatID, Wert, EinheitID) values (10, 39, 1, 11);
INSERT INTO GerichtZutaten (GerichtID, ZutatID, Wert, EinheitID) values (10, 40, 2, 11);
INSERT INTO GerichtZutaten (GerichtID, ZutatID, Wert, EinheitID) values (10, 41, 1, 14);
INSERT INTO GerichtZutaten (GerichtID, ZutatID, Wert, EinheitID) values (10, 42, 2, 14);

--Veganes Zitronendessert
INSERT INTO GerichtZutaten (GerichtID, ZutatID, Wert, EinheitID) values (11, 43, 400, 2 );
INSERT INTO GerichtZutaten (GerichtID, ZutatID, Wert, EinheitID) values (11, 32, 50, 4);
INSERT INTO GerichtZutaten (GerichtID, ZutatID, Wert, EinheitID) values (11, 44, 1, 15);
INSERT INTO GerichtZutaten (GerichtID, ZutatID, Wert, EinheitID) values (11, 45, 4, 14);
INSERT INTO GerichtZutaten (GerichtID, ZutatID, Wert, EinheitID) values (11, 46, 100, 2);

--insert GerichtSpeisenart
INSERT INTO GerichtSpeisenart (GerichtID, SpeisenartID) values (1, 1);
INSERT INTO GerichtSpeisenart (GerichtID, SpeisenartID) values (9, 2);
INSERT INTO GerichtSpeisenart (GerichtID, SpeisenartID) values (9, 3);
INSERT INTO GerichtSpeisenart (GerichtID, SpeisenartID) values (9, 4);
INSERT INTO GerichtSpeisenart (GerichtID, SpeisenartID) values (9, 8);
INSERT INTO GerichtSpeisenart (GerichtID, SpeisenartID) values (10, 3);
INSERT INTO GerichtSpeisenart (GerichtID, SpeisenartID) values (10, 4);
INSERT INTO GerichtSpeisenart (GerichtID, SpeisenartID) values (10, 6);
INSERT INTO GerichtSpeisenart (GerichtID, SpeisenartID) values (10, 8);
INSERT INTO GerichtSpeisenart (GerichtID, SpeisenartID) values (11, 4);
INSERT INTO GerichtSpeisenart (GerichtID, SpeisenartID) values (11, 5);
INSERT INTO GerichtSpeisenart (GerichtID, SpeisenartID) values (11, 7);
INSERT INTO GerichtSpeisenart (GerichtID, SpeisenartID) values (11, 8);




--insert into Zubereitungsschritte 

--für den BRBEQUE Burger
INSERT INTO Zubereitungsschritte (GerichtID, Schritt, Anweisung) VALUES (1, 1, 'Für den Burger Zwiebel schälen und fein würfeln. Paprikaschote halbieren, Stielansatz, Samen und die weißen Trennwände entfernen, das Fruchtfleisch in kleine Würfel schneiden. Peperoni vom Stielansatz, Samen und Scheidewänden befreien, fein würfeln. Hackfleisch mit Zwiebel, Paprika, Peperoni, Semmelbrösel und Ei in einer Schüssel gut vermengen. Mit Salz, Pfeffer und Petersilie abschmecken. Aus der Hackmasse 4 Burger formen und flach drücken.');
INSERT INTO Zubereitungsschritte (GerichtID, Schritt, Anweisung) VALUES (1, 2, 'Rucola verlesen, die Stiele entfernen, waschen und gut abtropfen lassen. Tomaten waschen, Stielansatz entfernen und in Scheiben schneiden. Inzwischen die Brötchen halbieren und im Backofen knusprig aufbacken.');
INSERT INTO Zubereitungsschritte (GerichtID, Schritt, Anweisung) VALUES (1, 2, 'Öl in einer Pfanne erhitzen und die Burger von beiden Seiten etwa 5 Minuten bei mittlerer Hitze braten. Avocado der Länge nach mit einem Messer rings um den Samen einschneiden. Die Hälften mit beiden Händen vorsichtig gegeneinander drehen und eine Hälfte ablösen. Dabei darauf achten, dass die Frucht nicht zerdrückt wird. Den Samen entfernen und das Fruchtfleisch mit Zitronensaft bepinseln. Avocado mit einem Sparschäler vorsichtig schälen, das Fruchtfleisch in kleine Würfel schneiden.');
INSERT INTO Zubereitungsschritte (GerichtID, Schritt, Anweisung) VALUES (1, 2, 'Die untere Hälfte der Brötchen jeweils mit Barbecuesauce bestreichen, mit Rucola und Avocadowürfeln belegen. Burger mit Käsescheiben darauf anrichten, mit Tomatenscheiben, roten Zwiebelringe belegen. Die oberen Brötchenhälften darauf setzen, eventuell mit Spießchen fixieren und den Burger sofort servieren.');

--für die Spargelcremesuppe
INSERT INTO Zubereitungsschritte (GerichtID, Schritt, Anweisung) VALUES (9, 1, 'Die Spargelstangen waschen und schälen. Die Schalen mit 1 l Wasser, Salz und Zucker einmal aufkochen und ca. 15 Minuten ziehen lassen, dann abseihen und Flüssigkeit auf ca. 500 ml einkochen lassen.');
INSERT INTO Zubereitungsschritte (GerichtID, Schritt, Anweisung) VALUES (9, 2, 'Währenddessen die Spargelspitzen von den Stangen abschneiden und die Spitzen nochmals der Länge nach halbieren. Die Stangen werden in ca. 1-cm-Stücke geschnitten.');
INSERT INTO Zubereitungsschritte (GerichtID, Schritt, Anweisung) VALUES (9, 3, 'Die Schalotten schälen und grob würfeln. Das Olivenöl mit der Butter in einem Topf zerlassen und die Schalottenwürfel mit den Spargelstücken (ohne Spargelköpfe) ca. 2 Minuten darin glasig dünsten. Das Mehl dazu sieben und ca. 1 Minute mit anschwitzen.');
INSERT INTO Zubereitungsschritte (GerichtID, Schritt, Anweisung) VALUES (9, 4, 'Mit dem Weißwein ablöschen und diesen komplett einkochen lassen. Den Spargelsud (von Schritt 1) dazu gießen und für ca. 10 Minuten köcheln lassen.');
INSERT INTO Zubereitungsschritte (GerichtID, Schritt, Anweisung) VALUES (9, 5, 'Die Sahne dazugeben, einmal aufkochen lassen, die Suppe pürieren und durch ein feines Sieb in einen weiteren Topf passieren. Die Spargelspitzen nun hinzugeben und für ca. 2 Minuten sanft mitköcheln lassen.');
INSERT INTO Zubereitungsschritte (GerichtID, Schritt, Anweisung) VALUES (9, 6, 'Die Suppe mit einer Prise Salz, etwas Pfeffer und einem Spritzer Zitronensaft verfeinern. Die Kräuter schneiden oder fein hacken und über die Suppe geben.');

--für das Fitness-Müsli
INSERT INTO Zubereitungsschritte (GerichtID, Schritt, Anweisung) VALUES (10, 1, 'Haferflocken in einer beschichteten Pfanne rösten und mit dem Müsli vermischen. Orangen und Bananen schälen, Orangen filetieren, Bananen in Scheiben schneiden und mit Zitronensaft beträufeln. Joghurt mit Anis, Cardamom, Orangenschalen-Aroma und Honig abschmecken und mit Müsli, Bananen und Orangenfilets in Gläser geschichtet servieren.');

--Für das Vegane Zitronendessert
INSERT INTO Zubereitungsschritte (GerichtID, Schritt, Anweisung) VALUES (11, 1, 'Alle Zutaten in einen Mixer geben und für ca. 1 Minute pürieren.');
INSERT INTO Zubereitungsschritte (GerichtID, Schritt, Anweisung) VALUES (11, 2, 'In kleine Gläschen oder Dessertschalen abfüllen und kühl stellen.');
INSERT INTO Zubereitungsschritte (GerichtID, Schritt, Anweisung) VALUES (11, 3, 'Mit Zitronenschnitzen dekorieren und kalt servieren.');




